,Open,High,Low,Close,Volume,Returns
2025-07-28 13:30:00,174.02000427246094,175.3699951171875,173.97000122070312,175.07000732421875,12458805.0,5.416848347410912e-05
2025-07-28 14:30:00,174.9199981689453,175.24000549316406,174.88999938964844,175.06500244140625,1214398.0,5.416848347410912e-05
2025-07-28 15:30:00,174.9250030517578,175.04989624023438,174.89999389648438,174.9219970703125,1055322.0,5.416848347410912e-05
2025-07-28 16:30:00,175.02020263671875,175.0399932861328,174.91000366210938,174.91990661621094,519191.0,5.416848347410912e-05
2025-07-28 17:30:00,175.1999969482422,175.47999572753906,175.19869995117188,175.41009521484375,1342621.0,5.416848347410912e-05
2025-07-28 18:30:00,175.47999572753906,175.5399932861328,175.3000030517578,175.37530517578125,854763.0,5.416848347410912e-05
2025-07-28 19:30:00,176.16000366210938,176.17999267578125,175.89999389648438,175.9949951171875,1824781.0,5.416848347410912e-05
2025-07-28 20:30:00,176.16000366210938,176.17999267578125,175.89999389648438,175.9949951171875,1824781.0,5.416848347410912e-05
2025-07-28 21:30:00,176.16000366210938,176.17999267578125,175.89999389648438,175.9949951171875,1824781.0,5.416848347410912e-05
2025-07-28 22:30:00,176.16000366210938,176.17999267578125,175.89999389648438,175.9949951171875,1824781.0,5.416848347410912e-05
2025-07-28 23:30:00,176.16000366210938,176.17999267578125,175.89999389648438,175.9949951171875,1824781.0,5.416848347410912e-05
2025-07-29 00:30:00,176.16000366210938,176.17999267578125,175.89999389648438,175.9949951171875,1824781.0,5.416848347410912e-05
2025-07-29 01:30:00,176.16000366210938,176.17999267578125,175.89999389648438,175.9949951171875,1824781.0,5.416848347410912e-05
2025-07-29 02:30:00,176.16000366210938,176.17999267578125,175.89999389648438,175.9949951171875,1824781.0,5.416848347410912e-05
2025-07-29 03:30:00,176.16000366210938,176.17999267578125,175.89999389648438,175.9949951171875,1824781.0,5.416848347410912e-05
2025-07-29 04:30:00,176.16000366210938,176.17999267578125,175.89999389648438,175.9949951171875,1824781.0,5.416848347410912e-05
2025-07-29 05:30:00,176.16000366210938,176.17999267578125,175.89999389648438,175.9949951171875,1824781.0,5.416848347410912e-05
2025-07-29 06:30:00,176.16000366210938,176.17999267578125,175.89999389648438,175.9949951171875,1824781.0,5.416848347410912e-05
2025-07-29 07:30:00,176.16000366210938,176.17999267578125,175.89999389648438,175.9949951171875,1824781.0,5.416848347410912e-05
2025-07-29 08:30:00,176.16000366210938,176.17999267578125,175.89999389648438,175.9949951171875,1824781.0,5.416848347410912e-05
2025-07-29 09:30:00,176.16000366210938,176.17999267578125,175.89999389648438,175.9949951171875,1824781.0,5.416848347410912e-05
2025-07-29 10:30:00,176.16000366210938,176.17999267578125,175.89999389648438,175.9949951171875,1824781.0,5.416848347410912e-05
2025-07-29 11:30:00,176.16000366210938,176.17999267578125,175.89999389648438,175.9949951171875,1824781.0,5.416848347410912e-05
2025-07-29 12:30:00,176.16000366210938,176.17999267578125,175.89999389648438,175.9949951171875,1824781.0,5.416848347410912e-05
2025-07-29 13:30:00,177.9600067138672,178.52000427246094,177.6300048828125,178.30589294433594,15683931.0,5.416848347410912e-05
2025-07-29 14:30:00,178.14999389648438,178.49839782714844,178.13999938964844,178.4149932861328,1714963.0,5.416848347410912e-05
2025-07-29 15:30:00,175.85499572753906,176.5500030517578,175.85000610351562,176.42999267578125,2525324.0,5.416848347410912e-05
2025-07-29 16:30:00,176.34500122070312,176.53500366210938,176.2700958251953,176.341796875,1429466.0,5.416848347410912e-05
2025-07-29 17:30:00,176.1999969482422,176.2949981689453,176.0399932861328,176.06719970703125,629072.0,5.416848347410912e-05
2025-07-29 18:30:00,176.2050018310547,176.49000549316406,176.19500732421875,176.47000122070312,856653.0,5.416848347410912e-05
2025-07-29 19:30:00,175.8300018310547,175.97039794921875,175.77999877929688,175.7899932861328,1080545.0,5.416848347410912e-05
2025-07-29 20:30:00,175.8300018310547,175.97039794921875,175.77999877929688,175.7899932861328,1080545.0,5.416848347410912e-05
2025-07-29 21:30:00,175.8300018310547,175.97039794921875,175.77999877929688,175.7899932861328,1080545.0,5.416848347410912e-05
2025-07-29 22:30:00,175.8300018310547,175.97039794921875,175.77999877929688,175.7899932861328,1080545.0,5.416848347410912e-05
2025-07-29 23:30:00,175.8300018310547,175.97039794921875,175.77999877929688,175.7899932861328,1080545.0,5.416848347410912e-05
2025-07-30 00:30:00,175.8300018310547,175.97039794921875,175.77999877929688,175.7899932861328,1080545.0,5.416848347410912e-05
2025-07-30 01:30:00,175.8300018310547,175.97039794921875,175.77999877929688,175.7899932861328,1080545.0,5.416848347410912e-05
2025-07-30 02:30:00,175.8300018310547,175.97039794921875,175.77999877929688,175.7899932861328,1080545.0,5.416848347410912e-05
2025-07-30 03:30:00,175.8300018310547,175.97039794921875,175.77999877929688,175.7899932861328,1080545.0,5.416848347410912e-05
2025-07-30 04:30:00,175.8300018310547,175.97039794921875,175.77999877929688,175.7899932861328,1080545.0,5.416848347410912e-05
2025-07-30 05:30:00,175.8300018310547,175.97039794921875,175.77999877929688,175.7899932861328,1080545.0,5.416848347410912e-05
2025-07-30 06:30:00,175.8300018310547,175.97039794921875,175.77999877929688,175.7899932861328,1080545.0,5.416848347410912e-05
2025-07-30 07:30:00,175.8300018310547,175.97039794921875,175.77999877929688,175.7899932861328,1080545.0,5.416848347410912e-05
2025-07-30 08:30:00,175.8300018310547,175.97039794921875,175.77999877929688,175.7899932861328,1080545.0,5.416848347410912e-05
2025-07-30 09:30:00,175.8300018310547,175.97039794921875,175.77999877929688,175.7899932861328,1080545.0,5.416848347410912e-05
2025-07-30 10:30:00,175.8300018310547,175.97039794921875,175.77999877929688,175.7899932861328,1080545.0,5.416848347410912e-05
2025-07-30 11:30:00,175.8300018310547,175.97039794921875,175.77999877929688,175.7899932861328,1080545.0,5.416848347410912e-05
2025-07-30 12:30:00,175.8300018310547,175.97039794921875,175.77999877929688,175.7899932861328,1080545.0,5.416848347410912e-05
2025-07-30 13:30:00,176.34950256347656,177.49000549316406,176.34950256347656,177.25,9683405.0,5.416848347410912e-05
2025-07-30 14:30:00,178.46009826660156,178.66000366210938,178.3800048828125,178.5,1634425.0,5.416848347410912e-05
2025-07-30 15:30:00,178.26019287109375,178.35499572753906,178.1999969482422,178.27999877929688,1097185.0,5.416848347410912e-05
2025-07-30 16:30:00,178.8000946044922,179.0,178.8000946044922,178.96519470214844,1914558.0,5.416848347410912e-05
2025-07-30 17:30:00,179.00999450683594,179.0767059326172,178.92999267578125,179.07000732421875,784468.0,5.416848347410912e-05
2025-07-30 18:30:00,179.55499267578125,179.69000244140625,179.4199981689453,179.56500244140625,1365774.0,5.416848347410912e-05
2025-07-30 19:30:00,178.58999633789062,179.10000610351562,178.5800018310547,178.8800048828125,1920407.0,5.416848347410912e-05
2025-07-30 20:30:00,178.58999633789062,179.10000610351562,178.5800018310547,178.8800048828125,1920407.0,5.416848347410912e-05
2025-07-30 21:30:00,178.58999633789062,179.10000610351562,178.5800018310547,178.8800048828125,1920407.0,5.416848347410912e-05
2025-07-30 22:30:00,178.58999633789062,179.10000610351562,178.5800018310547,178.8800048828125,1920407.0,5.416848347410912e-05
2025-07-30 23:30:00,178.58999633789062,179.10000610351562,178.5800018310547,178.8800048828125,1920407.0,5.416848347410912e-05
2025-07-31 00:30:00,178.58999633789062,179.10000610351562,178.5800018310547,178.8800048828125,1920407.0,5.416848347410912e-05
2025-07-31 01:30:00,178.58999633789062,179.10000610351562,178.5800018310547,178.8800048828125,1920407.0,5.416848347410912e-05
2025-07-31 02:30:00,178.58999633789062,179.10000610351562,178.5800018310547,178.8800048828125,1920407.0,5.416848347410912e-05
2025-07-31 03:30:00,178.58999633789062,179.10000610351562,178.5800018310547,178.8800048828125,1920407.0,5.416848347410912e-05
2025-07-31 04:30:00,178.58999633789062,179.10000610351562,178.5800018310547,178.8800048828125,1920407.0,5.416848347410912e-05
2025-07-31 05:30:00,178.58999633789062,179.10000610351562,178.5800018310547,178.8800048828125,1920407.0,5.416848347410912e-05
2025-07-31 06:30:00,178.58999633789062,179.10000610351562,178.5800018310547,178.8800048828125,1920407.0,5.416848347410912e-05
2025-07-31 07:30:00,178.58999633789062,179.10000610351562,178.5800018310547,178.8800048828125,1920407.0,5.416848347410912e-05
2025-07-31 08:30:00,178.58999633789062,179.10000610351562,178.5800018310547,178.8800048828125,1920407.0,5.416848347410912e-05
2025-07-31 09:30:00,178.58999633789062,179.10000610351562,178.5800018310547,178.8800048828125,1920407.0,5.416848347410912e-05
2025-07-31 10:30:00,178.58999633789062,179.10000610351562,178.5800018310547,178.8800048828125,1920407.0,5.416848347410912e-05
2025-07-31 11:30:00,178.58999633789062,179.10000610351562,178.5800018310547,178.8800048828125,1920407.0,5.416848347410912e-05
2025-07-31 12:30:00,178.58999633789062,179.10000610351562,178.5800018310547,178.8800048828125,1920407.0,5.416848347410912e-05
2025-07-31 13:30:00,182.92999267578125,183.2899932861328,181.92999267578125,182.35000610351562,21241450.0,5.416848347410912e-05
2025-07-31 14:30:00,181.57009887695312,181.72000122070312,180.92579650878906,180.94329833984375,2423718.0,5.416848347410912e-05
2025-07-31 15:30:00,179.88999938964844,180.1199951171875,179.8000030517578,179.8748016357422,1937426.0,5.416848347410912e-05
2025-07-31 16:30:00,181.37229919433594,181.4949951171875,181.19500732421875,181.19500732421875,1148011.0,5.416848347410912e-05
2025-07-31 17:30:00,179.0,179.14999389648438,178.6248016357422,178.8800048828125,2007592.0,5.416848347410912e-05
2025-07-31 18:30:00,177.36500549316406,177.82530212402344,177.32000732421875,177.7550048828125,2123181.0,5.416848347410912e-05
2025-07-31 19:30:00,177.4250030517578,177.9499969482422,177.4250030517578,177.91000366210938,1535233.0,5.416848347410912e-05
2025-07-31 20:30:00,177.4250030517578,177.9499969482422,177.4250030517578,177.91000366210938,1535233.0,5.416848347410912e-05
2025-07-31 21:30:00,177.4250030517578,177.9499969482422,177.4250030517578,177.91000366210938,1535233.0,5.416848347410912e-05
2025-07-31 22:30:00,177.4250030517578,177.9499969482422,177.4250030517578,177.91000366210938,1535233.0,5.416848347410912e-05
2025-07-31 23:30:00,177.4250030517578,177.9499969482422,177.4250030517578,177.91000366210938,1535233.0,5.416848347410912e-05
2025-08-01 00:30:00,177.4250030517578,177.9499969482422,177.4250030517578,177.91000366210938,1535233.0,5.416848347410912e-05
2025-08-01 01:30:00,177.4250030517578,177.9499969482422,177.4250030517578,177.91000366210938,1535233.0,5.416848347410912e-05
2025-08-01 02:30:00,177.4250030517578,177.9499969482422,177.4250030517578,177.91000366210938,1535233.0,5.416848347410912e-05
2025-08-01 03:30:00,177.4250030517578,177.9499969482422,177.4250030517578,177.91000366210938,1535233.0,5.416848347410912e-05
2025-08-01 04:30:00,177.4250030517578,177.9499969482422,177.4250030517578,177.91000366210938,1535233.0,5.416848347410912e-05
2025-08-01 05:30:00,177.4250030517578,177.9499969482422,177.4250030517578,177.91000366210938,1535233.0,5.416848347410912e-05
2025-08-01 06:30:00,177.4250030517578,177.9499969482422,177.4250030517578,177.91000366210938,1535233.0,5.416848347410912e-05
2025-08-01 07:30:00,177.4250030517578,177.9499969482422,177.4250030517578,177.91000366210938,1535233.0,5.416848347410912e-05
2025-08-01 08:30:00,177.4250030517578,177.9499969482422,177.4250030517578,177.91000366210938,1535233.0,5.416848347410912e-05
2025-08-01 09:30:00,177.4250030517578,177.9499969482422,177.4250030517578,177.91000366210938,1535233.0,5.416848347410912e-05
2025-08-01 10:30:00,177.4250030517578,177.9499969482422,177.4250030517578,177.91000366210938,1535233.0,5.416848347410912e-05
2025-08-01 11:30:00,177.4250030517578,177.9499969482422,177.4250030517578,177.91000366210938,1535233.0,5.416848347410912e-05
2025-08-01 12:30:00,177.4250030517578,177.9499969482422,177.4250030517578,177.91000366210938,1535233.0,5.416848347410912e-05
2025-08-01 13:30:00,172.75,174.10000610351562,172.75,173.0399932861328,18605857.0,5.416848347410912e-05
2025-08-01 14:30:00,174.97999572753906,175.80999755859375,174.8000030517578,175.63999938964844,3434717.0,5.416848347410912e-05
2025-08-01 15:30:00,174.77000427246094,175.0,174.64999389648438,174.875,1298153.0,5.416848347410912e-05
2025-08-01 16:30:00,175.82000732421875,175.83999633789062,175.61399841308594,175.81590270996094,1186743.0,5.416848347410912e-05
2025-08-01 17:30:00,173.10499572753906,173.6999969482422,173.0500030517578,173.47000122070312,2119555.0,5.416848347410912e-05
2025-08-01 18:30:00,173.27499389648438,173.58999633789062,173.17999267578125,173.35000610351562,1625679.0,5.416848347410912e-05
2025-08-01 19:30:00,173.7449951171875,173.8699951171875,173.19500732421875,173.8300018310547,1837709.0,5.416848347410912e-05
2025-08-01 20:30:00,173.7449951171875,173.8699951171875,173.19500732421875,173.8300018310547,1837709.0,5.416848347410912e-05
2025-08-01 21:30:00,173.7449951171875,173.8699951171875,173.19500732421875,173.8300018310547,1837709.0,5.416848347410912e-05
2025-08-01 22:30:00,173.7449951171875,173.8699951171875,173.19500732421875,173.8300018310547,1837709.0,5.416848347410912e-05
2025-08-01 23:30:00,173.7449951171875,173.8699951171875,173.19500732421875,173.8300018310547,1837709.0,5.416848347410912e-05
2025-08-02 00:30:00,173.7449951171875,173.8699951171875,173.19500732421875,173.8300018310547,1837709.0,5.416848347410912e-05
2025-08-02 01:30:00,173.7449951171875,173.8699951171875,173.19500732421875,173.8300018310547,1837709.0,5.416848347410912e-05
2025-08-02 02:30:00,173.7449951171875,173.8699951171875,173.19500732421875,173.8300018310547,1837709.0,5.416848347410912e-05
2025-08-02 03:30:00,173.7449951171875,173.8699951171875,173.19500732421875,173.8300018310547,1837709.0,5.416848347410912e-05
2025-08-02 04:30:00,173.7449951171875,173.8699951171875,173.19500732421875,173.8300018310547,1837709.0,5.416848347410912e-05
2025-08-02 05:30:00,173.7449951171875,173.8699951171875,173.19500732421875,173.8300018310547,1837709.0,5.416848347410912e-05
2025-08-02 06:30:00,173.7449951171875,173.8699951171875,173.19500732421875,173.8300018310547,1837709.0,5.416848347410912e-05
2025-08-02 07:30:00,173.7449951171875,173.8699951171875,173.19500732421875,173.8300018310547,1837709.0,5.416848347410912e-05
2025-08-02 08:30:00,173.7449951171875,173.8699951171875,173.19500732421875,173.8300018310547,1837709.0,5.416848347410912e-05
2025-08-02 09:30:00,173.7449951171875,173.8699951171875,173.19500732421875,173.8300018310547,1837709.0,5.416848347410912e-05
2025-08-02 10:30:00,173.7449951171875,173.8699951171875,173.19500732421875,173.8300018310547,1837709.0,5.416848347410912e-05
2025-08-02 11:30:00,173.7449951171875,173.8699951171875,173.19500732421875,173.8300018310547,1837709.0,5.416848347410912e-05
2025-08-02 12:30:00,173.7449951171875,173.8699951171875,173.19500732421875,173.8300018310547,1837709.0,5.416848347410912e-05
2025-08-02 13:30:00,173.7449951171875,173.8699951171875,173.19500732421875,173.8300018310547,1837709.0,5.416848347410912e-05
2025-08-02 14:30:00,173.7449951171875,173.8699951171875,173.19500732421875,173.8300018310547,1837709.0,5.416848347410912e-05
2025-08-02 15:30:00,173.7449951171875,173.8699951171875,173.19500732421875,173.8300018310547,1837709.0,5.416848347410912e-05
2025-08-02 16:30:00,173.7449951171875,173.8699951171875,173.19500732421875,173.8300018310547,1837709.0,5.416848347410912e-05
2025-08-02 17:30:00,173.7449951171875,173.8699951171875,173.19500732421875,173.8300018310547,1837709.0,5.416848347410912e-05
2025-08-02 18:30:00,173.7449951171875,173.8699951171875,173.19500732421875,173.8300018310547,1837709.0,5.416848347410912e-05
2025-08-02 19:30:00,173.7449951171875,173.8699951171875,173.19500732421875,173.8300018310547,1837709.0,5.416848347410912e-05
2025-08-02 20:30:00,173.7449951171875,173.8699951171875,173.19500732421875,173.8300018310547,1837709.0,5.416848347410912e-05
2025-08-02 21:30:00,173.7449951171875,173.8699951171875,173.19500732421875,173.8300018310547,1837709.0,5.416848347410912e-05
2025-08-02 22:30:00,173.7449951171875,173.8699951171875,173.19500732421875,173.8300018310547,1837709.0,5.416848347410912e-05
2025-08-02 23:30:00,173.7449951171875,173.8699951171875,173.19500732421875,173.8300018310547,1837709.0,5.416848347410912e-05
2025-08-03 00:30:00,173.7449951171875,173.8699951171875,173.19500732421875,173.8300018310547,1837709.0,5.416848347410912e-05
2025-08-03 01:30:00,173.7449951171875,173.8699951171875,173.19500732421875,173.8300018310547,1837709.0,5.416848347410912e-05
2025-08-03 02:30:00,173.7449951171875,173.8699951171875,173.19500732421875,173.8300018310547,1837709.0,5.416848347410912e-05
2025-08-03 03:30:00,173.7449951171875,173.8699951171875,173.19500732421875,173.8300018310547,1837709.0,5.416848347410912e-05
2025-08-03 04:30:00,173.7449951171875,173.8699951171875,173.19500732421875,173.8300018310547,1837709.0,5.416848347410912e-05
2025-08-03 05:30:00,173.7449951171875,173.8699951171875,173.19500732421875,173.8300018310547,1837709.0,5.416848347410912e-05
2025-08-03 06:30:00,173.7449951171875,173.8699951171875,173.19500732421875,173.8300018310547,1837709.0,5.416848347410912e-05
2025-08-03 07:30:00,173.7449951171875,173.8699951171875,173.19500732421875,173.8300018310547,1837709.0,5.416848347410912e-05
2025-08-03 08:30:00,173.7449951171875,173.8699951171875,173.19500732421875,173.8300018310547,1837709.0,5.416848347410912e-05
2025-08-03 09:30:00,173.7449951171875,173.8699951171875,173.19500732421875,173.8300018310547,1837709.0,5.416848347410912e-05
2025-08-03 10:30:00,173.7449951171875,173.8699951171875,173.19500732421875,173.8300018310547,1837709.0,5.416848347410912e-05
2025-08-03 11:30:00,173.7449951171875,173.8699951171875,173.19500732421875,173.8300018310547,1837709.0,5.416848347410912e-05
2025-08-03 12:30:00,173.7449951171875,173.8699951171875,173.19500732421875,173.8300018310547,1837709.0,5.416848347410912e-05
2025-08-03 13:30:00,173.7449951171875,173.8699951171875,173.19500732421875,173.8300018310547,1837709.0,5.416848347410912e-05
2025-08-03 14:30:00,173.7449951171875,173.8699951171875,173.19500732421875,173.8300018310547,1837709.0,5.416848347410912e-05
2025-08-03 15:30:00,173.7449951171875,173.8699951171875,173.19500732421875,173.8300018310547,1837709.0,5.416848347410912e-05
2025-08-03 16:30:00,173.7449951171875,173.8699951171875,173.19500732421875,173.8300018310547,1837709.0,5.416848347410912e-05
2025-08-03 17:30:00,173.7449951171875,173.8699951171875,173.19500732421875,173.8300018310547,1837709.0,5.416848347410912e-05
2025-08-03 18:30:00,173.7449951171875,173.8699951171875,173.19500732421875,173.8300018310547,1837709.0,5.416848347410912e-05
2025-08-03 19:30:00,173.7449951171875,173.8699951171875,173.19500732421875,173.8300018310547,1837709.0,5.416848347410912e-05
2025-08-03 20:30:00,173.7449951171875,173.8699951171875,173.19500732421875,173.8300018310547,1837709.0,5.416848347410912e-05
2025-08-03 21:30:00,173.7449951171875,173.8699951171875,173.19500732421875,173.8300018310547,1837709.0,5.416848347410912e-05
2025-08-03 22:30:00,173.7449951171875,173.8699951171875,173.19500732421875,173.8300018310547,1837709.0,5.416848347410912e-05
2025-08-03 23:30:00,173.7449951171875,173.8699951171875,173.19500732421875,173.8300018310547,1837709.0,5.416848347410912e-05
2025-08-04 00:30:00,173.7449951171875,173.8699951171875,173.19500732421875,173.8300018310547,1837709.0,5.416848347410912e-05
2025-08-04 01:30:00,173.7449951171875,173.8699951171875,173.19500732421875,173.8300018310547,1837709.0,5.416848347410912e-05
2025-08-04 02:30:00,173.7449951171875,173.8699951171875,173.19500732421875,173.8300018310547,1837709.0,5.416848347410912e-05
2025-08-04 03:30:00,173.7449951171875,173.8699951171875,173.19500732421875,173.8300018310547,1837709.0,5.416848347410912e-05
2025-08-04 04:30:00,173.7449951171875,173.8699951171875,173.19500732421875,173.8300018310547,1837709.0,5.416848347410912e-05
2025-08-04 05:30:00,173.7449951171875,173.8699951171875,173.19500732421875,173.8300018310547,1837709.0,5.416848347410912e-05
2025-08-04 06:30:00,173.7449951171875,173.8699951171875,173.19500732421875,173.8300018310547,1837709.0,5.416848347410912e-05
2025-08-04 07:30:00,173.7449951171875,173.8699951171875,173.19500732421875,173.8300018310547,1837709.0,5.416848347410912e-05
2025-08-04 08:30:00,173.7449951171875,173.8699951171875,173.19500732421875,173.8300018310547,1837709.0,5.416848347410912e-05
2025-08-04 09:30:00,173.7449951171875,173.8699951171875,173.19500732421875,173.8300018310547,1837709.0,5.416848347410912e-05
2025-08-04 10:30:00,173.7449951171875,173.8699951171875,173.19500732421875,173.8300018310547,1837709.0,5.416848347410912e-05
2025-08-04 11:30:00,173.7449951171875,173.8699951171875,173.19500732421875,173.8300018310547,1837709.0,5.416848347410912e-05
2025-08-04 12:30:00,173.7449951171875,173.8699951171875,173.19500732421875,173.8300018310547,1837709.0,5.416848347410912e-05
2025-08-04 13:30:00,175.16000366210938,175.65499877929688,174.55999755859375,175.55999755859375,10962947.0,5.416848347410912e-05
2025-08-04 14:30:00,177.95140075683594,178.10000610351562,177.53500366210938,178.07989501953125,1896356.0,5.416848347410912e-05
2025-08-04 15:30:00,177.8300018310547,177.90499877929688,177.6999969482422,177.85499572753906,1133139.0,5.416848347410912e-05
2025-08-04 16:30:00,178.9250030517578,179.10000610351562,178.88999938964844,179.0749969482422,1143976.0,5.416848347410912e-05
2025-08-04 17:30:00,179.0399932861328,179.14999389648438,178.9300994873047,179.0196990966797,1043325.0,5.416848347410912e-05
2025-08-04 18:30:00,179.27479553222656,179.39999389648438,179.19000244140625,179.30499267578125,891298.0,5.416848347410912e-05
2025-08-04 19:30:00,179.3101043701172,179.38999938964844,179.11000061035156,179.2100067138672,1209048.0,5.416848347410912e-05
2025-08-04 20:30:00,179.3101043701172,179.38999938964844,179.11000061035156,179.2100067138672,1209048.0,5.416848347410912e-05
2025-08-04 21:30:00,179.3101043701172,179.38999938964844,179.11000061035156,179.2100067138672,1209048.0,5.416848347410912e-05
2025-08-04 22:30:00,179.3101043701172,179.38999938964844,179.11000061035156,179.2100067138672,1209048.0,5.416848347410912e-05
2025-08-04 23:30:00,179.3101043701172,179.38999938964844,179.11000061035156,179.2100067138672,1209048.0,5.416848347410912e-05
2025-08-05 00:30:00,179.3101043701172,179.38999938964844,179.11000061035156,179.2100067138672,1209048.0,5.416848347410912e-05
2025-08-05 01:30:00,179.3101043701172,179.38999938964844,179.11000061035156,179.2100067138672,1209048.0,5.416848347410912e-05
2025-08-05 02:30:00,179.3101043701172,179.38999938964844,179.11000061035156,179.2100067138672,1209048.0,5.416848347410912e-05
2025-08-05 03:30:00,179.3101043701172,179.38999938964844,179.11000061035156,179.2100067138672,1209048.0,5.416848347410912e-05
2025-08-05 04:30:00,179.3101043701172,179.38999938964844,179.11000061035156,179.2100067138672,1209048.0,5.416848347410912e-05
2025-08-05 05:30:00,179.3101043701172,179.38999938964844,179.11000061035156,179.2100067138672,1209048.0,5.416848347410912e-05
2025-08-05 06:30:00,179.3101043701172,179.38999938964844,179.11000061035156,179.2100067138672,1209048.0,5.416848347410912e-05
2025-08-05 07:30:00,179.3101043701172,179.38999938964844,179.11000061035156,179.2100067138672,1209048.0,5.416848347410912e-05
2025-08-05 08:30:00,179.3101043701172,179.38999938964844,179.11000061035156,179.2100067138672,1209048.0,5.416848347410912e-05
2025-08-05 09:30:00,179.3101043701172,179.38999938964844,179.11000061035156,179.2100067138672,1209048.0,5.416848347410912e-05
2025-08-05 10:30:00,179.3101043701172,179.38999938964844,179.11000061035156,179.2100067138672,1209048.0,5.416848347410912e-05
2025-08-05 11:30:00,179.3101043701172,179.38999938964844,179.11000061035156,179.2100067138672,1209048.0,5.416848347410912e-05
2025-08-05 12:30:00,179.3101043701172,179.38999938964844,179.11000061035156,179.2100067138672,1209048.0,5.416848347410912e-05
2025-08-05 13:30:00,178.77000427246094,179.7100067138672,178.5800018310547,178.75999450683594,11559390.0,5.416848347410912e-05
2025-08-05 14:30:00,178.25,178.48829650878906,177.85499572753906,177.98989868164062,2358464.0,5.416848347410912e-05
2025-08-05 15:30:00,176.8800048828125,177.2899932861328,176.79010009765625,177.02000427246094,1528958.0,5.416848347410912e-05
2025-08-05 16:30:00,177.9199981689453,178.22000122070312,177.89500427246094,178.0,1118264.0,5.416848347410912e-05
2025-08-05 17:30:00,178.0399932861328,178.125,177.95469665527344,177.99159240722656,754440.0,5.416848347410912e-05
2025-08-05 18:30:00,178.51010131835938,178.7299041748047,178.25999450683594,178.55999755859375,1303550.0,5.416848347410912e-05
2025-08-05 19:30:00,178.77499389648438,178.93499755859375,178.66000366210938,178.6750030517578,1497028.0,5.416848347410912e-05
2025-08-05 20:30:00,178.77499389648438,178.93499755859375,178.66000366210938,178.6750030517578,1497028.0,5.416848347410912e-05
2025-08-05 21:30:00,178.77499389648438,178.93499755859375,178.66000366210938,178.6750030517578,1497028.0,5.416848347410912e-05
2025-08-05 22:30:00,178.77499389648438,178.93499755859375,178.66000366210938,178.6750030517578,1497028.0,5.416848347410912e-05
2025-08-05 23:30:00,178.77499389648438,178.93499755859375,178.66000366210938,178.6750030517578,1497028.0,5.416848347410912e-05
2025-08-06 00:30:00,178.77499389648438,178.93499755859375,178.66000366210938,178.6750030517578,1497028.0,5.416848347410912e-05
2025-08-06 01:30:00,178.77499389648438,178.93499755859375,178.66000366210938,178.6750030517578,1497028.0,5.416848347410912e-05
2025-08-06 02:30:00,178.77499389648438,178.93499755859375,178.66000366210938,178.6750030517578,1497028.0,5.416848347410912e-05
2025-08-06 03:30:00,178.77499389648438,178.93499755859375,178.66000366210938,178.6750030517578,1497028.0,5.416848347410912e-05
2025-08-06 04:30:00,178.77499389648438,178.93499755859375,178.66000366210938,178.6750030517578,1497028.0,5.416848347410912e-05
2025-08-06 05:30:00,178.77499389648438,178.93499755859375,178.66000366210938,178.6750030517578,1497028.0,5.416848347410912e-05
2025-08-06 06:30:00,178.77499389648438,178.93499755859375,178.66000366210938,178.6750030517578,1497028.0,5.416848347410912e-05
2025-08-06 07:30:00,178.77499389648438,178.93499755859375,178.66000366210938,178.6750030517578,1497028.0,5.416848347410912e-05
2025-08-06 08:30:00,178.77499389648438,178.93499755859375,178.66000366210938,178.6750030517578,1497028.0,5.416848347410912e-05
2025-08-06 09:30:00,178.77499389648438,178.93499755859375,178.66000366210938,178.6750030517578,1497028.0,5.416848347410912e-05
2025-08-06 10:30:00,178.77499389648438,178.93499755859375,178.66000366210938,178.6750030517578,1497028.0,5.416848347410912e-05
2025-08-06 11:30:00,178.77499389648438,178.93499755859375,178.66000366210938,178.6750030517578,1497028.0,5.416848347410912e-05
2025-08-06 12:30:00,178.77499389648438,178.93499755859375,178.66000366210938,178.6750030517578,1497028.0,5.416848347410912e-05
2025-08-06 13:30:00,176.3249969482422,177.99000549316406,176.25,177.9550018310547,10609871.0,5.416848347410912e-05
2025-08-06 14:30:00,178.02999877929688,178.1352996826172,177.80999755859375,178.00030517578125,1604278.0,5.416848347410912e-05
2025-08-06 15:30:00,178.14999389648438,178.3800048828125,178.11000061035156,178.18499755859375,1265829.0,5.416848347410912e-05
2025-08-06 16:30:00,178.22999572753906,178.23500061035156,177.7949981689453,178.00999450683594,1302946.0,5.416848347410912e-05
2025-08-06 17:30:00,178.4199981689453,178.47560119628906,178.2689971923828,178.39500427246094,675714.0,5.416848347410912e-05
2025-08-06 18:30:00,179.22000122070312,179.36000061035156,179.1699981689453,179.30499267578125,825536.0,5.416848347410912e-05
2025-08-06 19:30:00,179.66000366210938,179.89999389648438,179.5800018310547,179.80499267578125,1510176.0,5.416848347410912e-05
2025-08-06 20:30:00,179.66000366210938,179.89999389648438,179.5800018310547,179.80499267578125,1510176.0,5.416848347410912e-05
2025-08-06 21:30:00,179.66000366210938,179.89999389648438,179.5800018310547,179.80499267578125,1510176.0,5.416848347410912e-05
2025-08-06 22:30:00,179.66000366210938,179.89999389648438,179.5800018310547,179.80499267578125,1510176.0,5.416848347410912e-05
2025-08-06 23:30:00,179.66000366210938,179.89999389648438,179.5800018310547,179.80499267578125,1510176.0,5.416848347410912e-05
2025-08-07 00:30:00,179.66000366210938,179.89999389648438,179.5800018310547,179.80499267578125,1510176.0,5.416848347410912e-05
2025-08-07 01:30:00,179.66000366210938,179.89999389648438,179.5800018310547,179.80499267578125,1510176.0,5.416848347410912e-05
2025-08-07 02:30:00,179.66000366210938,179.89999389648438,179.5800018310547,179.80499267578125,1510176.0,5.416848347410912e-05
2025-08-07 03:30:00,179.66000366210938,179.89999389648438,179.5800018310547,179.80499267578125,1510176.0,5.416848347410912e-05
2025-08-07 04:30:00,179.66000366210938,179.89999389648438,179.5800018310547,179.80499267578125,1510176.0,5.416848347410912e-05
2025-08-07 05:30:00,179.66000366210938,179.89999389648438,179.5800018310547,179.80499267578125,1510176.0,5.416848347410912e-05
2025-08-07 06:30:00,179.66000366210938,179.89999389648438,179.5800018310547,179.80499267578125,1510176.0,5.416848347410912e-05
2025-08-07 07:30:00,179.66000366210938,179.89999389648438,179.5800018310547,179.80499267578125,1510176.0,5.416848347410912e-05
2025-08-07 08:30:00,179.66000366210938,179.89999389648438,179.5800018310547,179.80499267578125,1510176.0,5.416848347410912e-05
2025-08-07 09:30:00,179.66000366210938,179.89999389648438,179.5800018310547,179.80499267578125,1510176.0,5.416848347410912e-05
2025-08-07 10:30:00,179.66000366210938,179.89999389648438,179.5800018310547,179.80499267578125,1510176.0,5.416848347410912e-05
2025-08-07 11:30:00,179.66000366210938,179.89999389648438,179.5800018310547,179.80499267578125,1510176.0,5.416848347410912e-05
2025-08-07 12:30:00,179.66000366210938,179.89999389648438,179.5800018310547,179.80499267578125,1510176.0,5.416848347410912e-05
2025-08-07 13:30:00,181.5500030517578,182.36000061035156,181.3000030517578,182.1300048828125,11742988.0,5.416848347410912e-05
2025-08-07 14:30:00,182.33880615234375,182.53509521484375,182.17999267578125,182.4654998779297,1374460.0,5.416848347410912e-05
2025-08-07 15:30:00,181.52000427246094,181.82000732421875,181.2899932861328,181.48500061035156,1457062.0,5.416848347410912e-05
2025-08-07 16:30:00,181.13510131835938,181.3350067138672,181.05999755859375,181.1699981689453,810929.0,5.416848347410912e-05
2025-08-07 17:30:00,179.96499633789062,179.99000549316406,179.39999389648438,179.4676971435547,2129572.0,5.416848347410912e-05
2025-08-07 18:30:00,179.4250030517578,179.5,179.1999969482422,179.45989990234375,966667.0,5.416848347410912e-05
2025-08-07 19:30:00,179.47000122070312,179.84500122070312,179.4199981689453,179.6417999267578,1286246.0,5.416848347410912e-05
2025-08-07 20:30:00,179.47000122070312,179.84500122070312,179.4199981689453,179.6417999267578,1286246.0,5.416848347410912e-05
2025-08-07 21:30:00,179.47000122070312,179.84500122070312,179.4199981689453,179.6417999267578,1286246.0,5.416848347410912e-05
2025-08-07 22:30:00,179.47000122070312,179.84500122070312,179.4199981689453,179.6417999267578,1286246.0,5.416848347410912e-05
2025-08-07 23:30:00,179.47000122070312,179.84500122070312,179.4199981689453,179.6417999267578,1286246.0,5.416848347410912e-05
2025-08-08 00:30:00,179.47000122070312,179.84500122070312,179.4199981689453,179.6417999267578,1286246.0,5.416848347410912e-05
2025-08-08 01:30:00,179.47000122070312,179.84500122070312,179.4199981689453,179.6417999267578,1286246.0,5.416848347410912e-05
2025-08-08 02:30:00,179.47000122070312,179.84500122070312,179.4199981689453,179.6417999267578,1286246.0,5.416848347410912e-05
2025-08-08 03:30:00,179.47000122070312,179.84500122070312,179.4199981689453,179.6417999267578,1286246.0,5.416848347410912e-05
2025-08-08 04:30:00,179.47000122070312,179.84500122070312,179.4199981689453,179.6417999267578,1286246.0,5.416848347410912e-05
2025-08-08 05:30:00,179.47000122070312,179.84500122070312,179.4199981689453,179.6417999267578,1286246.0,5.416848347410912e-05
2025-08-08 06:30:00,179.47000122070312,179.84500122070312,179.4199981689453,179.6417999267578,1286246.0,5.416848347410912e-05
2025-08-08 07:30:00,179.47000122070312,179.84500122070312,179.4199981689453,179.6417999267578,1286246.0,5.416848347410912e-05
2025-08-08 08:30:00,179.47000122070312,179.84500122070312,179.4199981689453,179.6417999267578,1286246.0,5.416848347410912e-05
2025-08-08 09:30:00,179.47000122070312,179.84500122070312,179.4199981689453,179.6417999267578,1286246.0,5.416848347410912e-05
2025-08-08 10:30:00,179.47000122070312,179.84500122070312,179.4199981689453,179.6417999267578,1286246.0,5.416848347410912e-05
2025-08-08 11:30:00,179.47000122070312,179.84500122070312,179.4199981689453,179.6417999267578,1286246.0,5.416848347410912e-05
2025-08-08 12:30:00,179.47000122070312,179.84500122070312,179.4199981689453,179.6417999267578,1286246.0,5.416848347410912e-05
2025-08-08 13:30:00,181.5500030517578,181.75,180.39999389648438,180.67999267578125,7224612.0,5.416848347410912e-05
2025-08-08 14:30:00,182.19000244140625,182.44000244140625,182.0800018310547,182.2700958251953,1550987.0,5.416848347410912e-05
2025-08-08 15:30:00,183.0050048828125,183.0500030517578,182.67999267578125,182.80499267578125,1499371.0,5.416848347410912e-05
2025-08-08 16:30:00,182.9149932861328,182.9199981689453,182.58999633789062,182.60000610351562,973694.0,5.416848347410912e-05
2025-08-08 17:30:00,181.8800048828125,182.0399932861328,181.85000610351562,181.9149932861328,866978.0,5.416848347410912e-05
2025-08-08 18:30:00,182.60009765625,182.80999755859375,182.58009338378906,182.80999755859375,1381033.0,5.416848347410912e-05
2025-08-08 19:30:00,182.69500732421875,182.69500732421875,182.4600067138672,182.5720977783203,1092350.0,5.416848347410912e-05
2025-08-08 20:30:00,182.69500732421875,182.69500732421875,182.4600067138672,182.5720977783203,1092350.0,5.416848347410912e-05
2025-08-08 21:30:00,182.69500732421875,182.69500732421875,182.4600067138672,182.5720977783203,1092350.0,5.416848347410912e-05
2025-08-08 22:30:00,182.69500732421875,182.69500732421875,182.4600067138672,182.5720977783203,1092350.0,5.416848347410912e-05
2025-08-08 23:30:00,182.69500732421875,182.69500732421875,182.4600067138672,182.5720977783203,1092350.0,5.416848347410912e-05
2025-08-09 00:30:00,182.69500732421875,182.69500732421875,182.4600067138672,182.5720977783203,1092350.0,5.416848347410912e-05
2025-08-09 01:30:00,182.69500732421875,182.69500732421875,182.4600067138672,182.5720977783203,1092350.0,5.416848347410912e-05
2025-08-09 02:30:00,182.69500732421875,182.69500732421875,182.4600067138672,182.5720977783203,1092350.0,5.416848347410912e-05
2025-08-09 03:30:00,182.69500732421875,182.69500732421875,182.4600067138672,182.5720977783203,1092350.0,5.416848347410912e-05
2025-08-09 04:30:00,182.69500732421875,182.69500732421875,182.4600067138672,182.5720977783203,1092350.0,5.416848347410912e-05
2025-08-09 05:30:00,182.69500732421875,182.69500732421875,182.4600067138672,182.5720977783203,1092350.0,5.416848347410912e-05
2025-08-09 06:30:00,182.69500732421875,182.69500732421875,182.4600067138672,182.5720977783203,1092350.0,5.416848347410912e-05
2025-08-09 07:30:00,182.69500732421875,182.69500732421875,182.4600067138672,182.5720977783203,1092350.0,5.416848347410912e-05
2025-08-09 08:30:00,182.69500732421875,182.69500732421875,182.4600067138672,182.5720977783203,1092350.0,5.416848347410912e-05
2025-08-09 09:30:00,182.69500732421875,182.69500732421875,182.4600067138672,182.5720977783203,1092350.0,5.416848347410912e-05
2025-08-09 10:30:00,182.69500732421875,182.69500732421875,182.4600067138672,182.5720977783203,1092350.0,5.416848347410912e-05
2025-08-09 11:30:00,182.69500732421875,182.69500732421875,182.4600067138672,182.5720977783203,1092350.0,5.416848347410912e-05
2025-08-09 12:30:00,182.69500732421875,182.69500732421875,182.4600067138672,182.5720977783203,1092350.0,5.416848347410912e-05
2025-08-09 13:30:00,182.69500732421875,182.69500732421875,182.4600067138672,182.5720977783203,1092350.0,5.416848347410912e-05
2025-08-09 14:30:00,182.69500732421875,182.69500732421875,182.4600067138672,182.5720977783203,1092350.0,5.416848347410912e-05
2025-08-09 15:30:00,182.69500732421875,182.69500732421875,182.4600067138672,182.5720977783203,1092350.0,5.416848347410912e-05
2025-08-09 16:30:00,182.69500732421875,182.69500732421875,182.4600067138672,182.5720977783203,1092350.0,5.416848347410912e-05
2025-08-09 17:30:00,182.69500732421875,182.69500732421875,182.4600067138672,182.5720977783203,1092350.0,5.416848347410912e-05
2025-08-09 18:30:00,182.69500732421875,182.69500732421875,182.4600067138672,182.5720977783203,1092350.0,5.416848347410912e-05
2025-08-09 19:30:00,182.69500732421875,182.69500732421875,182.4600067138672,182.5720977783203,1092350.0,5.416848347410912e-05
2025-08-09 20:30:00,182.69500732421875,182.69500732421875,182.4600067138672,182.5720977783203,1092350.0,5.416848347410912e-05
2025-08-09 21:30:00,182.69500732421875,182.69500732421875,182.4600067138672,182.5720977783203,1092350.0,5.416848347410912e-05
2025-08-09 22:30:00,182.69500732421875,182.69500732421875,182.4600067138672,182.5720977783203,1092350.0,5.416848347410912e-05
2025-08-09 23:30:00,182.69500732421875,182.69500732421875,182.4600067138672,182.5720977783203,1092350.0,5.416848347410912e-05
2025-08-10 00:30:00,182.69500732421875,182.69500732421875,182.4600067138672,182.5720977783203,1092350.0,5.416848347410912e-05
2025-08-10 01:30:00,182.69500732421875,182.69500732421875,182.4600067138672,182.5720977783203,1092350.0,5.416848347410912e-05
2025-08-10 02:30:00,182.69500732421875,182.69500732421875,182.4600067138672,182.5720977783203,1092350.0,5.416848347410912e-05
2025-08-10 03:30:00,182.69500732421875,182.69500732421875,182.4600067138672,182.5720977783203,1092350.0,5.416848347410912e-05
2025-08-10 04:30:00,182.69500732421875,182.69500732421875,182.4600067138672,182.5720977783203,1092350.0,5.416848347410912e-05
2025-08-10 05:30:00,182.69500732421875,182.69500732421875,182.4600067138672,182.5720977783203,1092350.0,5.416848347410912e-05
2025-08-10 06:30:00,182.69500732421875,182.69500732421875,182.4600067138672,182.5720977783203,1092350.0,5.416848347410912e-05
2025-08-10 07:30:00,182.69500732421875,182.69500732421875,182.4600067138672,182.5720977783203,1092350.0,5.416848347410912e-05
2025-08-10 08:30:00,182.69500732421875,182.69500732421875,182.4600067138672,182.5720977783203,1092350.0,5.416848347410912e-05
2025-08-10 09:30:00,182.69500732421875,182.69500732421875,182.4600067138672,182.5720977783203,1092350.0,5.416848347410912e-05
2025-08-10 10:30:00,182.69500732421875,182.69500732421875,182.4600067138672,182.5720977783203,1092350.0,5.416848347410912e-05
2025-08-10 11:30:00,182.69500732421875,182.69500732421875,182.4600067138672,182.5720977783203,1092350.0,5.416848347410912e-05
2025-08-10 12:30:00,182.69500732421875,182.69500732421875,182.4600067138672,182.5720977783203,1092350.0,5.416848347410912e-05
2025-08-10 13:30:00,182.69500732421875,182.69500732421875,182.4600067138672,182.5720977783203,1092350.0,5.416848347410912e-05
2025-08-10 14:30:00,182.69500732421875,182.69500732421875,182.4600067138672,182.5720977783203,1092350.0,5.416848347410912e-05
2025-08-10 15:30:00,182.69500732421875,182.69500732421875,182.4600067138672,182.5720977783203,1092350.0,5.416848347410912e-05
2025-08-10 16:30:00,182.69500732421875,182.69500732421875,182.4600067138672,182.5720977783203,1092350.0,5.416848347410912e-05
2025-08-10 17:30:00,182.69500732421875,182.69500732421875,182.4600067138672,182.5720977783203,1092350.0,5.416848347410912e-05
2025-08-10 18:30:00,182.69500732421875,182.69500732421875,182.4600067138672,182.5720977783203,1092350.0,5.416848347410912e-05
2025-08-10 19:30:00,182.69500732421875,182.69500732421875,182.4600067138672,182.5720977783203,1092350.0,5.416848347410912e-05
2025-08-10 20:30:00,182.69500732421875,182.69500732421875,182.4600067138672,182.5720977783203,1092350.0,5.416848347410912e-05
2025-08-10 21:30:00,182.69500732421875,182.69500732421875,182.4600067138672,182.5720977783203,1092350.0,5.416848347410912e-05
2025-08-10 22:30:00,182.69500732421875,182.69500732421875,182.4600067138672,182.5720977783203,1092350.0,5.416848347410912e-05
2025-08-10 23:30:00,182.69500732421875,182.69500732421875,182.4600067138672,182.5720977783203,1092350.0,5.416848347410912e-05
2025-08-11 00:30:00,182.69500732421875,182.69500732421875,182.4600067138672,182.5720977783203,1092350.0,5.416848347410912e-05
2025-08-11 01:30:00,182.69500732421875,182.69500732421875,182.4600067138672,182.5720977783203,1092350.0,5.416848347410912e-05
2025-08-11 02:30:00,182.69500732421875,182.69500732421875,182.4600067138672,182.5720977783203,1092350.0,5.416848347410912e-05
2025-08-11 03:30:00,182.69500732421875,182.69500732421875,182.4600067138672,182.5720977783203,1092350.0,5.416848347410912e-05
2025-08-11 04:30:00,182.69500732421875,182.69500732421875,182.4600067138672,182.5720977783203,1092350.0,5.416848347410912e-05
2025-08-11 05:30:00,182.69500732421875,182.69500732421875,182.4600067138672,182.5720977783203,1092350.0,5.416848347410912e-05
2025-08-11 06:30:00,182.69500732421875,182.69500732421875,182.4600067138672,182.5720977783203,1092350.0,5.416848347410912e-05
2025-08-11 07:30:00,182.69500732421875,182.69500732421875,182.4600067138672,182.5720977783203,1092350.0,5.416848347410912e-05
2025-08-11 08:30:00,182.69500732421875,182.69500732421875,182.4600067138672,182.5720977783203,1092350.0,5.416848347410912e-05
2025-08-11 09:30:00,182.69500732421875,182.69500732421875,182.4600067138672,182.5720977783203,1092350.0,5.416848347410912e-05
2025-08-11 10:30:00,182.69500732421875,182.69500732421875,182.4600067138672,182.5720977783203,1092350.0,5.416848347410912e-05
2025-08-11 11:30:00,182.69500732421875,182.69500732421875,182.4600067138672,182.5720977783203,1092350.0,5.416848347410912e-05
2025-08-11 12:30:00,182.69500732421875,182.69500732421875,182.4600067138672,182.5720977783203,1092350.0,5.416848347410912e-05
2025-08-11 13:30:00,182.16000366210938,182.80999755859375,180.27000427246094,180.32000732421875,13609881.0,5.416848347410912e-05
2025-08-11 14:30:00,183.34500122070312,183.5782928466797,182.9199981689453,182.94500732421875,1974244.0,5.416848347410912e-05
2025-08-11 15:30:00,183.16439819335938,183.41000366210938,183.05499267578125,183.38499450683594,1181687.0,5.416848347410912e-05
2025-08-11 16:30:00,183.73500061035156,183.80499267578125,183.50999450683594,183.5446014404297,858949.0,5.416848347410912e-05
2025-08-11 17:30:00,183.23500061035156,183.46499633789062,183.23500061035156,183.35499572753906,818291.0,5.416848347410912e-05
2025-08-11 18:30:00,182.91000366210938,183.08999633789062,182.89610290527344,182.9550018310547,613793.0,5.416848347410912e-05
2025-08-11 19:30:00,182.16000366210938,182.35989379882812,181.99000549316406,182.30349731445312,1835789.0,5.416848347410912e-05
2025-08-11 20:30:00,182.16000366210938,182.35989379882812,181.99000549316406,182.30349731445312,1835789.0,5.416848347410912e-05
2025-08-11 21:30:00,182.16000366210938,182.35989379882812,181.99000549316406,182.30349731445312,1835789.0,5.416848347410912e-05
2025-08-11 22:30:00,182.16000366210938,182.35989379882812,181.99000549316406,182.30349731445312,1835789.0,5.416848347410912e-05
2025-08-11 23:30:00,182.16000366210938,182.35989379882812,181.99000549316406,182.30349731445312,1835789.0,5.416848347410912e-05
2025-08-12 00:30:00,182.16000366210938,182.35989379882812,181.99000549316406,182.30349731445312,1835789.0,5.416848347410912e-05
2025-08-12 01:30:00,182.16000366210938,182.35989379882812,181.99000549316406,182.30349731445312,1835789.0,5.416848347410912e-05
2025-08-12 02:30:00,182.16000366210938,182.35989379882812,181.99000549316406,182.30349731445312,1835789.0,5.416848347410912e-05
2025-08-12 03:30:00,182.16000366210938,182.35989379882812,181.99000549316406,182.30349731445312,1835789.0,5.416848347410912e-05
2025-08-12 04:30:00,182.16000366210938,182.35989379882812,181.99000549316406,182.30349731445312,1835789.0,5.416848347410912e-05
2025-08-12 05:30:00,182.16000366210938,182.35989379882812,181.99000549316406,182.30349731445312,1835789.0,5.416848347410912e-05
2025-08-12 06:30:00,182.16000366210938,182.35989379882812,181.99000549316406,182.30349731445312,1835789.0,5.416848347410912e-05
2025-08-12 07:30:00,182.16000366210938,182.35989379882812,181.99000549316406,182.30349731445312,1835789.0,5.416848347410912e-05
2025-08-12 08:30:00,182.16000366210938,182.35989379882812,181.99000549316406,182.30349731445312,1835789.0,5.416848347410912e-05
2025-08-12 09:30:00,182.16000366210938,182.35989379882812,181.99000549316406,182.30349731445312,1835789.0,5.416848347410912e-05
2025-08-12 10:30:00,182.16000366210938,182.35989379882812,181.99000549316406,182.30349731445312,1835789.0,5.416848347410912e-05
2025-08-12 11:30:00,182.16000366210938,182.35989379882812,181.99000549316406,182.30349731445312,1835789.0,5.416848347410912e-05
2025-08-12 12:30:00,182.16000366210938,182.35989379882812,181.99000549316406,182.30349731445312,1835789.0,5.416848347410912e-05
2025-08-12 13:30:00,182.9600067138672,182.99000549316406,180.89999389648438,181.625,16324196.0,5.416848347410912e-05
2025-08-12 14:30:00,180.9232940673828,181.35000610351562,180.90350341796875,181.0955047607422,1639282.0,5.416848347410912e-05
2025-08-12 15:30:00,182.01010131835938,182.41000366210938,181.94000244140625,182.34060668945312,1563878.0,5.416848347410912e-05
2025-08-12 16:30:00,182.27000427246094,182.27499389648438,181.9600067138672,182.05859375,731863.0,5.416848347410912e-05
2025-08-12 17:30:00,182.24000549316406,182.6300048828125,182.1750030517578,182.61500549316406,904681.0,5.416848347410912e-05
2025-08-12 18:30:00,183.0800018310547,183.2899932861328,183.05999755859375,183.24000549316406,1206749.0,5.416848347410912e-05
2025-08-12 19:30:00,182.7899932861328,182.83999633789062,182.6199951171875,182.65499877929688,968344.0,5.416848347410912e-05
2025-08-12 20:30:00,182.7899932861328,182.83999633789062,182.6199951171875,182.65499877929688,968344.0,5.416848347410912e-05
2025-08-12 21:30:00,182.7899932861328,182.83999633789062,182.6199951171875,182.65499877929688,968344.0,5.416848347410912e-05
2025-08-12 22:30:00,182.7899932861328,182.83999633789062,182.6199951171875,182.65499877929688,968344.0,5.416848347410912e-05
2025-08-12 23:30:00,182.7899932861328,182.83999633789062,182.6199951171875,182.65499877929688,968344.0,5.416848347410912e-05
2025-08-13 00:30:00,182.7899932861328,182.83999633789062,182.6199951171875,182.65499877929688,968344.0,5.416848347410912e-05
2025-08-13 01:30:00,182.7899932861328,182.83999633789062,182.6199951171875,182.65499877929688,968344.0,5.416848347410912e-05
2025-08-13 02:30:00,182.7899932861328,182.83999633789062,182.6199951171875,182.65499877929688,968344.0,5.416848347410912e-05
2025-08-13 03:30:00,182.7899932861328,182.83999633789062,182.6199951171875,182.65499877929688,968344.0,5.416848347410912e-05
2025-08-13 04:30:00,182.7899932861328,182.83999633789062,182.6199951171875,182.65499877929688,968344.0,5.416848347410912e-05
2025-08-13 05:30:00,182.7899932861328,182.83999633789062,182.6199951171875,182.65499877929688,968344.0,5.416848347410912e-05
2025-08-13 06:30:00,182.7899932861328,182.83999633789062,182.6199951171875,182.65499877929688,968344.0,5.416848347410912e-05
2025-08-13 07:30:00,182.7899932861328,182.83999633789062,182.6199951171875,182.65499877929688,968344.0,5.416848347410912e-05
2025-08-13 08:30:00,182.7899932861328,182.83999633789062,182.6199951171875,182.65499877929688,968344.0,5.416848347410912e-05
2025-08-13 09:30:00,182.7899932861328,182.83999633789062,182.6199951171875,182.65499877929688,968344.0,5.416848347410912e-05
2025-08-13 10:30:00,182.7899932861328,182.83999633789062,182.6199951171875,182.65499877929688,968344.0,5.416848347410912e-05
2025-08-13 11:30:00,182.7899932861328,182.83999633789062,182.6199951171875,182.65499877929688,968344.0,5.416848347410912e-05
2025-08-13 12:30:00,182.7899932861328,182.83999633789062,182.6199951171875,182.65499877929688,968344.0,5.416848347410912e-05
2025-08-13 13:30:00,182.35499572753906,183.7899932861328,182.1750030517578,183.5399932861328,18673409.0,5.416848347410912e-05
2025-08-13 14:30:00,181.39500427246094,181.77999877929688,181.24000549316406,181.38999938964844,2437082.0,5.416848347410912e-05
2025-08-13 15:30:00,180.139892578125,180.47000122070312,179.94000244140625,180.4199981689453,1902219.0,5.416848347410912e-05
2025-08-13 16:30:00,180.0399932861328,180.07530212402344,179.79010009765625,179.9949951171875,1110153.0,5.416848347410912e-05
2025-08-13 17:30:00,180.97999572753906,181.05990600585938,180.5399932861328,180.55999755859375,1578546.0,5.416848347410912e-05
2025-08-13 18:30:00,181.3249969482422,181.3800048828125,181.22000122070312,181.22259521484375,724457.0,5.416848347410912e-05
2025-08-13 19:30:00,181.26499938964844,181.3000030517578,180.8699951171875,180.9149932861328,1813474.0,5.416848347410912e-05
2025-08-13 20:30:00,181.26499938964844,181.3000030517578,180.8699951171875,180.9149932861328,1813474.0,5.416848347410912e-05
2025-08-13 21:30:00,181.26499938964844,181.3000030517578,180.8699951171875,180.9149932861328,1813474.0,5.416848347410912e-05
2025-08-13 22:30:00,181.26499938964844,181.3000030517578,180.8699951171875,180.9149932861328,1813474.0,5.416848347410912e-05
2025-08-13 23:30:00,181.26499938964844,181.3000030517578,180.8699951171875,180.9149932861328,1813474.0,5.416848347410912e-05
2025-08-14 00:30:00,181.26499938964844,181.3000030517578,180.8699951171875,180.9149932861328,1813474.0,5.416848347410912e-05
2025-08-14 01:30:00,181.26499938964844,181.3000030517578,180.8699951171875,180.9149932861328,1813474.0,5.416848347410912e-05
2025-08-14 02:30:00,181.26499938964844,181.3000030517578,180.8699951171875,180.9149932861328,1813474.0,5.416848347410912e-05
2025-08-14 03:30:00,181.26499938964844,181.3000030517578,180.8699951171875,180.9149932861328,1813474.0,5.416848347410912e-05
2025-08-14 04:30:00,181.26499938964844,181.3000030517578,180.8699951171875,180.9149932861328,1813474.0,5.416848347410912e-05
2025-08-14 05:30:00,181.26499938964844,181.3000030517578,180.8699951171875,180.9149932861328,1813474.0,5.416848347410912e-05
2025-08-14 06:30:00,181.26499938964844,181.3000030517578,180.8699951171875,180.9149932861328,1813474.0,5.416848347410912e-05
2025-08-14 07:30:00,181.26499938964844,181.3000030517578,180.8699951171875,180.9149932861328,1813474.0,5.416848347410912e-05
2025-08-14 08:30:00,181.26499938964844,181.3000030517578,180.8699951171875,180.9149932861328,1813474.0,5.416848347410912e-05
2025-08-14 09:30:00,181.26499938964844,181.3000030517578,180.8699951171875,180.9149932861328,1813474.0,5.416848347410912e-05
2025-08-14 10:30:00,181.26499938964844,181.3000030517578,180.8699951171875,180.9149932861328,1813474.0,5.416848347410912e-05
2025-08-14 11:30:00,181.26499938964844,181.3000030517578,180.8699951171875,180.9149932861328,1813474.0,5.416848347410912e-05
2025-08-14 12:30:00,181.26499938964844,181.3000030517578,180.8699951171875,180.9149932861328,1813474.0,5.416848347410912e-05
2025-08-14 13:30:00,179.7949981689453,180.9600067138672,179.4600067138672,180.52000427246094,11619690.0,5.416848347410912e-05
2025-08-14 14:30:00,182.57850646972656,182.9499969482422,182.50369262695312,182.76499938964844,2369869.0,5.416848347410912e-05
2025-08-14 15:30:00,181.3800048828125,181.61500549316406,181.10000610351562,181.22999572753906,1816219.0,5.416848347410912e-05
2025-08-14 16:30:00,181.2200927734375,181.4676055908203,181.125,181.39010620117188,879919.0,5.416848347410912e-05
2025-08-14 17:30:00,182.1649932861328,182.1699981689453,181.80999755859375,181.8350067138672,770550.0,5.416848347410912e-05
2025-08-14 18:30:00,181.52999877929688,181.6649932861328,181.4217071533203,181.66000366210938,861945.0,5.416848347410912e-05
2025-08-14 19:30:00,181.9550018310547,182.06809997558594,181.89500427246094,181.9250030517578,3472627.0,5.416848347410912e-05
2025-08-14 20:30:00,181.9550018310547,182.06809997558594,181.89500427246094,181.9250030517578,3472627.0,5.416848347410912e-05
2025-08-14 21:30:00,181.9550018310547,182.06809997558594,181.89500427246094,181.9250030517578,3472627.0,5.416848347410912e-05
2025-08-14 22:30:00,181.9550018310547,182.06809997558594,181.89500427246094,181.9250030517578,3472627.0,5.416848347410912e-05
2025-08-14 23:30:00,181.9550018310547,182.06809997558594,181.89500427246094,181.9250030517578,3472627.0,5.416848347410912e-05
2025-08-15 00:30:00,181.9550018310547,182.06809997558594,181.89500427246094,181.9250030517578,3472627.0,5.416848347410912e-05
2025-08-15 01:30:00,181.9550018310547,182.06809997558594,181.89500427246094,181.9250030517578,3472627.0,5.416848347410912e-05
2025-08-15 02:30:00,181.9550018310547,182.06809997558594,181.89500427246094,181.9250030517578,3472627.0,5.416848347410912e-05
2025-08-15 03:30:00,181.9550018310547,182.06809997558594,181.89500427246094,181.9250030517578,3472627.0,5.416848347410912e-05
2025-08-15 04:30:00,181.9550018310547,182.06809997558594,181.89500427246094,181.9250030517578,3472627.0,5.416848347410912e-05
2025-08-15 05:30:00,181.9550018310547,182.06809997558594,181.89500427246094,181.9250030517578,3472627.0,5.416848347410912e-05
2025-08-15 06:30:00,181.9550018310547,182.06809997558594,181.89500427246094,181.9250030517578,3472627.0,5.416848347410912e-05
2025-08-15 07:30:00,181.9550018310547,182.06809997558594,181.89500427246094,181.9250030517578,3472627.0,5.416848347410912e-05
2025-08-15 08:30:00,181.9550018310547,182.06809997558594,181.89500427246094,181.9250030517578,3472627.0,5.416848347410912e-05
2025-08-15 09:30:00,181.9550018310547,182.06809997558594,181.89500427246094,181.9250030517578,3472627.0,5.416848347410912e-05
2025-08-15 10:30:00,181.9550018310547,182.06809997558594,181.89500427246094,181.9250030517578,3472627.0,5.416848347410912e-05
2025-08-15 11:30:00,181.9550018310547,182.06809997558594,181.89500427246094,181.9250030517578,3472627.0,5.416848347410912e-05
2025-08-15 12:30:00,181.9550018310547,182.06809997558594,181.89500427246094,181.9250030517578,3472627.0,5.416848347410912e-05
2025-08-15 13:30:00,181.75999450683594,181.89999389648438,180.77999877929688,180.8350067138672,13132826.0,5.416848347410912e-05
2025-08-15 14:30:00,179.9250030517578,180.04989624023438,179.53500366210938,179.75,1867793.0,5.416848347410912e-05
2025-08-15 15:30:00,179.47000122070312,179.61000061035156,179.25999450683594,179.48500061035156,1450814.0,5.416848347410912e-05
2025-08-15 16:30:00,178.9250030517578,179.16000366210938,178.8350067138672,179.0749969482422,1083271.0,5.416848347410912e-05
2025-08-15 17:30:00,179.6999969482422,179.97999572753906,179.69000244140625,179.9199981689453,898892.0,5.416848347410912e-05
2025-08-15 18:30:00,180.18499755859375,180.25,180.11500549316406,180.17999267578125,654868.0,5.416848347410912e-05
2025-08-15 19:30:00,179.97999572753906,180.04989624023438,179.92999267578125,180.0050048828125,777532.0,5.416848347410912e-05
2025-08-15 20:30:00,179.97999572753906,180.04989624023438,179.92999267578125,180.0050048828125,777532.0,5.416848347410912e-05
2025-08-15 21:30:00,179.97999572753906,180.04989624023438,179.92999267578125,180.0050048828125,777532.0,5.416848347410912e-05
2025-08-15 22:30:00,179.97999572753906,180.04989624023438,179.92999267578125,180.0050048828125,777532.0,5.416848347410912e-05
2025-08-15 23:30:00,179.97999572753906,180.04989624023438,179.92999267578125,180.0050048828125,777532.0,5.416848347410912e-05
2025-08-16 00:30:00,179.97999572753906,180.04989624023438,179.92999267578125,180.0050048828125,777532.0,5.416848347410912e-05
2025-08-16 01:30:00,179.97999572753906,180.04989624023438,179.92999267578125,180.0050048828125,777532.0,5.416848347410912e-05
2025-08-16 02:30:00,179.97999572753906,180.04989624023438,179.92999267578125,180.0050048828125,777532.0,5.416848347410912e-05
2025-08-16 03:30:00,179.97999572753906,180.04989624023438,179.92999267578125,180.0050048828125,777532.0,5.416848347410912e-05
2025-08-16 04:30:00,179.97999572753906,180.04989624023438,179.92999267578125,180.0050048828125,777532.0,5.416848347410912e-05
2025-08-16 05:30:00,179.97999572753906,180.04989624023438,179.92999267578125,180.0050048828125,777532.0,5.416848347410912e-05
2025-08-16 06:30:00,179.97999572753906,180.04989624023438,179.92999267578125,180.0050048828125,777532.0,5.416848347410912e-05
2025-08-16 07:30:00,179.97999572753906,180.04989624023438,179.92999267578125,180.0050048828125,777532.0,5.416848347410912e-05
2025-08-16 08:30:00,179.97999572753906,180.04989624023438,179.92999267578125,180.0050048828125,777532.0,5.416848347410912e-05
2025-08-16 09:30:00,179.97999572753906,180.04989624023438,179.92999267578125,180.0050048828125,777532.0,5.416848347410912e-05
2025-08-16 10:30:00,179.97999572753906,180.04989624023438,179.92999267578125,180.0050048828125,777532.0,5.416848347410912e-05
2025-08-16 11:30:00,179.97999572753906,180.04989624023438,179.92999267578125,180.0050048828125,777532.0,5.416848347410912e-05
2025-08-16 12:30:00,179.97999572753906,180.04989624023438,179.92999267578125,180.0050048828125,777532.0,5.416848347410912e-05
2025-08-16 13:30:00,179.97999572753906,180.04989624023438,179.92999267578125,180.0050048828125,777532.0,5.416848347410912e-05
2025-08-16 14:30:00,179.97999572753906,180.04989624023438,179.92999267578125,180.0050048828125,777532.0,5.416848347410912e-05
2025-08-16 15:30:00,179.97999572753906,180.04989624023438,179.92999267578125,180.0050048828125,777532.0,5.416848347410912e-05
2025-08-16 16:30:00,179.97999572753906,180.04989624023438,179.92999267578125,180.0050048828125,777532.0,5.416848347410912e-05
2025-08-16 17:30:00,179.97999572753906,180.04989624023438,179.92999267578125,180.0050048828125,777532.0,5.416848347410912e-05
2025-08-16 18:30:00,179.97999572753906,180.04989624023438,179.92999267578125,180.0050048828125,777532.0,5.416848347410912e-05
2025-08-16 19:30:00,179.97999572753906,180.04989624023438,179.92999267578125,180.0050048828125,777532.0,5.416848347410912e-05
2025-08-16 20:30:00,179.97999572753906,180.04989624023438,179.92999267578125,180.0050048828125,777532.0,5.416848347410912e-05
2025-08-16 21:30:00,179.97999572753906,180.04989624023438,179.92999267578125,180.0050048828125,777532.0,5.416848347410912e-05
2025-08-16 22:30:00,179.97999572753906,180.04989624023438,179.92999267578125,180.0050048828125,777532.0,5.416848347410912e-05
2025-08-16 23:30:00,179.97999572753906,180.04989624023438,179.92999267578125,180.0050048828125,777532.0,5.416848347410912e-05
2025-08-17 00:30:00,179.97999572753906,180.04989624023438,179.92999267578125,180.0050048828125,777532.0,5.416848347410912e-05
2025-08-17 01:30:00,179.97999572753906,180.04989624023438,179.92999267578125,180.0050048828125,777532.0,5.416848347410912e-05
2025-08-17 02:30:00,179.97999572753906,180.04989624023438,179.92999267578125,180.0050048828125,777532.0,5.416848347410912e-05
2025-08-17 03:30:00,179.97999572753906,180.04989624023438,179.92999267578125,180.0050048828125,777532.0,5.416848347410912e-05
2025-08-17 04:30:00,179.97999572753906,180.04989624023438,179.92999267578125,180.0050048828125,777532.0,5.416848347410912e-05
2025-08-17 05:30:00,179.97999572753906,180.04989624023438,179.92999267578125,180.0050048828125,777532.0,5.416848347410912e-05
2025-08-17 06:30:00,179.97999572753906,180.04989624023438,179.92999267578125,180.0050048828125,777532.0,5.416848347410912e-05
2025-08-17 07:30:00,179.97999572753906,180.04989624023438,179.92999267578125,180.0050048828125,777532.0,5.416848347410912e-05
2025-08-17 08:30:00,179.97999572753906,180.04989624023438,179.92999267578125,180.0050048828125,777532.0,5.416848347410912e-05
2025-08-17 09:30:00,179.97999572753906,180.04989624023438,179.92999267578125,180.0050048828125,777532.0,5.416848347410912e-05
2025-08-17 10:30:00,179.97999572753906,180.04989624023438,179.92999267578125,180.0050048828125,777532.0,5.416848347410912e-05
2025-08-17 11:30:00,179.97999572753906,180.04989624023438,179.92999267578125,180.0050048828125,777532.0,5.416848347410912e-05
2025-08-17 12:30:00,179.97999572753906,180.04989624023438,179.92999267578125,180.0050048828125,777532.0,5.416848347410912e-05
2025-08-17 13:30:00,179.97999572753906,180.04989624023438,179.92999267578125,180.0050048828125,777532.0,5.416848347410912e-05
2025-08-17 14:30:00,179.97999572753906,180.04989624023438,179.92999267578125,180.0050048828125,777532.0,5.416848347410912e-05
2025-08-17 15:30:00,179.97999572753906,180.04989624023438,179.92999267578125,180.0050048828125,777532.0,5.416848347410912e-05
2025-08-17 16:30:00,179.97999572753906,180.04989624023438,179.92999267578125,180.0050048828125,777532.0,5.416848347410912e-05
2025-08-17 17:30:00,179.97999572753906,180.04989624023438,179.92999267578125,180.0050048828125,777532.0,5.416848347410912e-05
2025-08-17 18:30:00,179.97999572753906,180.04989624023438,179.92999267578125,180.0050048828125,777532.0,5.416848347410912e-05
2025-08-17 19:30:00,179.97999572753906,180.04989624023438,179.92999267578125,180.0050048828125,777532.0,5.416848347410912e-05
2025-08-17 20:30:00,179.97999572753906,180.04989624023438,179.92999267578125,180.0050048828125,777532.0,5.416848347410912e-05
2025-08-17 21:30:00,179.97999572753906,180.04989624023438,179.92999267578125,180.0050048828125,777532.0,5.416848347410912e-05
2025-08-17 22:30:00,179.97999572753906,180.04989624023438,179.92999267578125,180.0050048828125,777532.0,5.416848347410912e-05
2025-08-17 23:30:00,179.97999572753906,180.04989624023438,179.92999267578125,180.0050048828125,777532.0,5.416848347410912e-05
2025-08-18 00:30:00,179.97999572753906,180.04989624023438,179.92999267578125,180.0050048828125,777532.0,5.416848347410912e-05
2025-08-18 01:30:00,179.97999572753906,180.04989624023438,179.92999267578125,180.0050048828125,777532.0,5.416848347410912e-05
2025-08-18 02:30:00,179.97999572753906,180.04989624023438,179.92999267578125,180.0050048828125,777532.0,5.416848347410912e-05
2025-08-18 03:30:00,179.97999572753906,180.04989624023438,179.92999267578125,180.0050048828125,777532.0,5.416848347410912e-05
2025-08-18 04:30:00,179.97999572753906,180.04989624023438,179.92999267578125,180.0050048828125,777532.0,5.416848347410912e-05
2025-08-18 05:30:00,179.97999572753906,180.04989624023438,179.92999267578125,180.0050048828125,777532.0,5.416848347410912e-05
2025-08-18 06:30:00,179.97999572753906,180.04989624023438,179.92999267578125,180.0050048828125,777532.0,5.416848347410912e-05
2025-08-18 07:30:00,179.97999572753906,180.04989624023438,179.92999267578125,180.0050048828125,777532.0,5.416848347410912e-05
2025-08-18 08:30:00,179.97999572753906,180.04989624023438,179.92999267578125,180.0050048828125,777532.0,5.416848347410912e-05
2025-08-18 09:30:00,179.97999572753906,180.04989624023438,179.92999267578125,180.0050048828125,777532.0,5.416848347410912e-05
2025-08-18 10:30:00,179.97999572753906,180.04989624023438,179.92999267578125,180.0050048828125,777532.0,5.416848347410912e-05
2025-08-18 11:30:00,179.97999572753906,180.04989624023438,179.92999267578125,180.0050048828125,777532.0,5.416848347410912e-05
2025-08-18 12:30:00,179.97999572753906,180.04989624023438,179.92999267578125,180.0050048828125,777532.0,5.416848347410912e-05
2025-08-18 13:30:00,180.64999389648438,182.42999267578125,180.60450744628906,182.4051055908203,9853200.0,5.416848347410912e-05
2025-08-18 14:30:00,182.67999267578125,182.69500732421875,182.17999267578125,182.28500366210938,1784353.0,5.416848347410912e-05
2025-08-18 15:30:00,181.16000366210938,181.30999755859375,181.07000732421875,181.2241973876953,1077402.0,5.416848347410912e-05
2025-08-18 16:30:00,181.75999450683594,181.91000366210938,181.681396484375,181.7183074951172,867566.0,5.416848347410912e-05
2025-08-18 17:30:00,181.48500061035156,181.69000244140625,181.48440551757812,181.49000549316406,1164129.0,5.416848347410912e-05
2025-08-18 18:30:00,181.75999450683594,181.97999572753906,181.75010681152344,181.88499450683594,970791.0,5.416848347410912e-05
2025-08-18 19:30:00,182.19500732421875,182.2899932861328,182.10000610351562,182.1750030517578,912705.0,5.416848347410912e-05
2025-08-18 20:30:00,182.19500732421875,182.2899932861328,182.10000610351562,182.1750030517578,912705.0,5.416848347410912e-05
2025-08-18 21:30:00,182.19500732421875,182.2899932861328,182.10000610351562,182.1750030517578,912705.0,5.416848347410912e-05
2025-08-18 22:30:00,182.19500732421875,182.2899932861328,182.10000610351562,182.1750030517578,912705.0,5.416848347410912e-05
2025-08-18 23:30:00,182.19500732421875,182.2899932861328,182.10000610351562,182.1750030517578,912705.0,5.416848347410912e-05
2025-08-19 00:30:00,182.19500732421875,182.2899932861328,182.10000610351562,182.1750030517578,912705.0,5.416848347410912e-05
2025-08-19 01:30:00,182.19500732421875,182.2899932861328,182.10000610351562,182.1750030517578,912705.0,5.416848347410912e-05
2025-08-19 02:30:00,182.19500732421875,182.2899932861328,182.10000610351562,182.1750030517578,912705.0,5.416848347410912e-05
2025-08-19 03:30:00,182.19500732421875,182.2899932861328,182.10000610351562,182.1750030517578,912705.0,5.416848347410912e-05
2025-08-19 04:30:00,182.19500732421875,182.2899932861328,182.10000610351562,182.1750030517578,912705.0,5.416848347410912e-05
2025-08-19 05:30:00,182.19500732421875,182.2899932861328,182.10000610351562,182.1750030517578,912705.0,5.416848347410912e-05
2025-08-19 06:30:00,182.19500732421875,182.2899932861328,182.10000610351562,182.1750030517578,912705.0,5.416848347410912e-05
2025-08-19 07:30:00,182.19500732421875,182.2899932861328,182.10000610351562,182.1750030517578,912705.0,5.416848347410912e-05
2025-08-19 08:30:00,182.19500732421875,182.2899932861328,182.10000610351562,182.1750030517578,912705.0,5.416848347410912e-05
2025-08-19 09:30:00,182.19500732421875,182.2899932861328,182.10000610351562,182.1750030517578,912705.0,5.416848347410912e-05
2025-08-19 10:30:00,182.19500732421875,182.2899932861328,182.10000610351562,182.1750030517578,912705.0,5.416848347410912e-05
2025-08-19 11:30:00,182.19500732421875,182.2899932861328,182.10000610351562,182.1750030517578,912705.0,5.416848347410912e-05
2025-08-19 12:30:00,182.19500732421875,182.2899932861328,182.10000610351562,182.1750030517578,912705.0,5.416848347410912e-05
2025-08-19 13:30:00,182.42999267578125,182.5,181.13999938964844,181.3101043701172,8431151.0,5.416848347410912e-05
2025-08-19 14:30:00,178.66000366210938,179.13999938964844,178.22000122070312,178.89920043945312,3894502.0,5.416848347410912e-05
2025-08-19 15:30:00,178.27499389648438,178.3957977294922,178.11000061035156,178.34559631347656,1324543.0,5.416848347410912e-05
2025-08-19 16:30:00,177.5399932861328,177.75999450683594,177.22999572753906,177.4949951171875,2006640.0,5.416848347410912e-05
2025-08-19 17:30:00,176.6699981689453,176.99000549316406,176.59500122070312,176.96009826660156,1450049.0,5.416848347410912e-05
2025-08-19 18:30:00,176.5800018310547,176.75999450683594,176.4149932861328,176.49769592285156,1340979.0,5.416848347410912e-05
2025-08-19 19:30:00,176.3350067138672,176.46499633789062,176.13999938964844,176.2550048828125,1682457.0,5.416848347410912e-05
2025-08-19 20:30:00,176.3350067138672,176.46499633789062,176.13999938964844,176.2550048828125,1682457.0,5.416848347410912e-05
2025-08-19 21:30:00,176.3350067138672,176.46499633789062,176.13999938964844,176.2550048828125,1682457.0,5.416848347410912e-05
2025-08-19 22:30:00,176.3350067138672,176.46499633789062,176.13999938964844,176.2550048828125,1682457.0,5.416848347410912e-05
2025-08-19 23:30:00,176.3350067138672,176.46499633789062,176.13999938964844,176.2550048828125,1682457.0,5.416848347410912e-05
2025-08-20 00:30:00,176.3350067138672,176.46499633789062,176.13999938964844,176.2550048828125,1682457.0,5.416848347410912e-05
2025-08-20 01:30:00,176.3350067138672,176.46499633789062,176.13999938964844,176.2550048828125,1682457.0,5.416848347410912e-05
2025-08-20 02:30:00,176.3350067138672,176.46499633789062,176.13999938964844,176.2550048828125,1682457.0,5.416848347410912e-05
2025-08-20 03:30:00,176.3350067138672,176.46499633789062,176.13999938964844,176.2550048828125,1682457.0,5.416848347410912e-05
2025-08-20 04:30:00,176.3350067138672,176.46499633789062,176.13999938964844,176.2550048828125,1682457.0,5.416848347410912e-05
2025-08-20 05:30:00,176.3350067138672,176.46499633789062,176.13999938964844,176.2550048828125,1682457.0,5.416848347410912e-05
2025-08-20 06:30:00,176.3350067138672,176.46499633789062,176.13999938964844,176.2550048828125,1682457.0,5.416848347410912e-05
2025-08-20 07:30:00,176.3350067138672,176.46499633789062,176.13999938964844,176.2550048828125,1682457.0,5.416848347410912e-05
2025-08-20 08:30:00,176.3350067138672,176.46499633789062,176.13999938964844,176.2550048828125,1682457.0,5.416848347410912e-05
2025-08-20 09:30:00,176.3350067138672,176.46499633789062,176.13999938964844,176.2550048828125,1682457.0,5.416848347410912e-05
2025-08-20 10:30:00,176.3350067138672,176.46499633789062,176.13999938964844,176.2550048828125,1682457.0,5.416848347410912e-05
2025-08-20 11:30:00,176.3350067138672,176.46499633789062,176.13999938964844,176.2550048828125,1682457.0,5.416848347410912e-05
2025-08-20 12:30:00,176.3350067138672,176.46499633789062,176.13999938964844,176.2550048828125,1682457.0,5.416848347410912e-05
2025-08-20 13:30:00,175.10000610351562,175.11000061035156,174.00999450683594,174.07000732421875,12321273.0,5.416848347410912e-05
2025-08-20 14:30:00,170.30999755859375,170.63999938964844,169.8800048828125,170.25030517578125,3378247.0,5.416848347410912e-05
2025-08-20 15:30:00,172.4199981689453,172.97999572753906,172.14500427246094,172.89999389648438,2753903.0,5.416848347410912e-05
2025-08-20 16:30:00,174.05499267578125,174.0800018310547,173.69000244140625,173.86720275878906,1747223.0,5.416848347410912e-05
2025-08-20 17:30:00,173.47000122070312,174.14999389648438,173.42999267578125,174.06500244140625,1717690.0,5.416848347410912e-05
2025-08-20 18:30:00,172.82989501953125,173.0946044921875,172.75,173.0946044921875,743523.0,5.416848347410912e-05
2025-08-20 19:30:00,174.5800018310547,174.82980346679688,174.46009826660156,174.81500244140625,2461764.0,5.416848347410912e-05
2025-08-20 20:30:00,174.5800018310547,174.82980346679688,174.46009826660156,174.81500244140625,2461764.0,5.416848347410912e-05
2025-08-20 21:30:00,174.5800018310547,174.82980346679688,174.46009826660156,174.81500244140625,2461764.0,5.416848347410912e-05
2025-08-20 22:30:00,174.5800018310547,174.82980346679688,174.46009826660156,174.81500244140625,2461764.0,5.416848347410912e-05
2025-08-20 23:30:00,174.5800018310547,174.82980346679688,174.46009826660156,174.81500244140625,2461764.0,5.416848347410912e-05
2025-08-21 00:30:00,174.5800018310547,174.82980346679688,174.46009826660156,174.81500244140625,2461764.0,5.416848347410912e-05
2025-08-21 01:30:00,174.5800018310547,174.82980346679688,174.46009826660156,174.81500244140625,2461764.0,5.416848347410912e-05
2025-08-21 02:30:00,174.5800018310547,174.82980346679688,174.46009826660156,174.81500244140625,2461764.0,5.416848347410912e-05
2025-08-21 03:30:00,174.5800018310547,174.82980346679688,174.46009826660156,174.81500244140625,2461764.0,5.416848347410912e-05
2025-08-21 04:30:00,174.5800018310547,174.82980346679688,174.46009826660156,174.81500244140625,2461764.0,5.416848347410912e-05
2025-08-21 05:30:00,174.5800018310547,174.82980346679688,174.46009826660156,174.81500244140625,2461764.0,5.416848347410912e-05
2025-08-21 06:30:00,174.5800018310547,174.82980346679688,174.46009826660156,174.81500244140625,2461764.0,5.416848347410912e-05
2025-08-21 07:30:00,174.5800018310547,174.82980346679688,174.46009826660156,174.81500244140625,2461764.0,5.416848347410912e-05
2025-08-21 08:30:00,174.5800018310547,174.82980346679688,174.46009826660156,174.81500244140625,2461764.0,5.416848347410912e-05
2025-08-21 09:30:00,174.5800018310547,174.82980346679688,174.46009826660156,174.81500244140625,2461764.0,5.416848347410912e-05
2025-08-21 10:30:00,174.5800018310547,174.82980346679688,174.46009826660156,174.81500244140625,2461764.0,5.416848347410912e-05
2025-08-21 11:30:00,174.5800018310547,174.82980346679688,174.46009826660156,174.81500244140625,2461764.0,5.416848347410912e-05
2025-08-21 12:30:00,174.5800018310547,174.82980346679688,174.46009826660156,174.81500244140625,2461764.0,5.416848347410912e-05
2025-08-21 13:30:00,174.67999267578125,176.1999969482422,174.59500122070312,175.5800018310547,11988466.0,5.416848347410912e-05
2025-08-21 14:30:00,176.47149658203125,176.47149658203125,175.5399932861328,175.71499633789062,1860102.0,5.416848347410912e-05
2025-08-21 15:30:00,174.92999267578125,175.50999450683594,174.92999267578125,175.4600067138672,1232219.0,5.416848347410912e-05
2025-08-21 16:30:00,174.22000122070312,174.5500030517578,174.19000244140625,174.4149932861328,1193539.0,5.416848347410912e-05
2025-08-21 17:30:00,174.26499938964844,174.60000610351562,174.2550048828125,174.55499267578125,1153512.0,5.416848347410912e-05
2025-08-21 18:30:00,174.75999450683594,174.77999877929688,174.50999450683594,174.68499755859375,849068.0,5.416848347410912e-05
2025-08-21 19:30:00,174.8000030517578,174.86000061035156,174.52999877929688,174.8300018310547,1257951.0,5.416848347410912e-05
2025-08-21 20:30:00,174.8000030517578,174.86000061035156,174.52999877929688,174.8300018310547,1257951.0,5.416848347410912e-05
2025-08-21 21:30:00,174.8000030517578,174.86000061035156,174.52999877929688,174.8300018310547,1257951.0,5.416848347410912e-05
2025-08-21 22:30:00,174.8000030517578,174.86000061035156,174.52999877929688,174.8300018310547,1257951.0,5.416848347410912e-05
2025-08-21 23:30:00,174.8000030517578,174.86000061035156,174.52999877929688,174.8300018310547,1257951.0,5.416848347410912e-05
2025-08-22 00:30:00,174.8000030517578,174.86000061035156,174.52999877929688,174.8300018310547,1257951.0,5.416848347410912e-05
2025-08-22 01:30:00,174.8000030517578,174.86000061035156,174.52999877929688,174.8300018310547,1257951.0,5.416848347410912e-05
2025-08-22 02:30:00,174.8000030517578,174.86000061035156,174.52999877929688,174.8300018310547,1257951.0,5.416848347410912e-05
2025-08-22 03:30:00,174.8000030517578,174.86000061035156,174.52999877929688,174.8300018310547,1257951.0,5.416848347410912e-05
2025-08-22 04:30:00,174.8000030517578,174.86000061035156,174.52999877929688,174.8300018310547,1257951.0,5.416848347410912e-05
2025-08-22 05:30:00,174.8000030517578,174.86000061035156,174.52999877929688,174.8300018310547,1257951.0,5.416848347410912e-05
2025-08-22 06:30:00,174.8000030517578,174.86000061035156,174.52999877929688,174.8300018310547,1257951.0,5.416848347410912e-05
2025-08-22 07:30:00,174.8000030517578,174.86000061035156,174.52999877929688,174.8300018310547,1257951.0,5.416848347410912e-05
2025-08-22 08:30:00,174.8000030517578,174.86000061035156,174.52999877929688,174.8300018310547,1257951.0,5.416848347410912e-05
2025-08-22 09:30:00,174.8000030517578,174.86000061035156,174.52999877929688,174.8300018310547,1257951.0,5.416848347410912e-05
2025-08-22 10:30:00,174.8000030517578,174.86000061035156,174.52999877929688,174.8300018310547,1257951.0,5.416848347410912e-05
2025-08-22 11:30:00,174.8000030517578,174.86000061035156,174.52999877929688,174.8300018310547,1257951.0,5.416848347410912e-05
2025-08-22 12:30:00,174.8000030517578,174.86000061035156,174.52999877929688,174.8300018310547,1257951.0,5.416848347410912e-05
2025-08-22 13:30:00,171.44349670410156,172.7899932861328,171.1999969482422,172.47999572753906,12440617.0,5.416848347410912e-05
2025-08-22 14:30:00,176.30499267578125,176.72799682617188,176.07000732421875,176.64999389648438,2465877.0,5.416848347410912e-05
2025-08-22 15:30:00,178.125,178.49000549316406,178.08999633789062,178.36000061035156,2031044.0,5.416848347410912e-05
2025-08-22 16:30:00,177.00999450683594,177.3000030517578,177.00010681152344,177.11500549316406,1079596.0,5.416848347410912e-05
2025-08-22 17:30:00,178.2949981689453,178.32000732421875,178.0800018310547,178.26499938964844,1479102.0,5.416848347410912e-05
2025-08-22 18:30:00,178.11500549316406,178.25999450683594,178.07009887695312,178.18499755859375,903237.0,5.416848347410912e-05
2025-08-22 19:30:00,178.06500244140625,178.1199951171875,177.84010314941406,177.94000244140625,1275609.0,5.416848347410912e-05
2025-08-22 20:30:00,178.06500244140625,178.1199951171875,177.84010314941406,177.94000244140625,1275609.0,5.416848347410912e-05
2025-08-22 21:30:00,178.06500244140625,178.1199951171875,177.84010314941406,177.94000244140625,1275609.0,5.416848347410912e-05
2025-08-22 22:30:00,178.06500244140625,178.1199951171875,177.84010314941406,177.94000244140625,1275609.0,5.416848347410912e-05
2025-08-22 23:30:00,178.06500244140625,178.1199951171875,177.84010314941406,177.94000244140625,1275609.0,5.416848347410912e-05
2025-08-23 00:30:00,178.06500244140625,178.1199951171875,177.84010314941406,177.94000244140625,1275609.0,5.416848347410912e-05
2025-08-23 01:30:00,178.06500244140625,178.1199951171875,177.84010314941406,177.94000244140625,1275609.0,5.416848347410912e-05
2025-08-23 02:30:00,178.06500244140625,178.1199951171875,177.84010314941406,177.94000244140625,1275609.0,5.416848347410912e-05
2025-08-23 03:30:00,178.06500244140625,178.1199951171875,177.84010314941406,177.94000244140625,1275609.0,5.416848347410912e-05
2025-08-23 04:30:00,178.06500244140625,178.1199951171875,177.84010314941406,177.94000244140625,1275609.0,5.416848347410912e-05
2025-08-23 05:30:00,178.06500244140625,178.1199951171875,177.84010314941406,177.94000244140625,1275609.0,5.416848347410912e-05
2025-08-23 06:30:00,178.06500244140625,178.1199951171875,177.84010314941406,177.94000244140625,1275609.0,5.416848347410912e-05
2025-08-23 07:30:00,178.06500244140625,178.1199951171875,177.84010314941406,177.94000244140625,1275609.0,5.416848347410912e-05
2025-08-23 08:30:00,178.06500244140625,178.1199951171875,177.84010314941406,177.94000244140625,1275609.0,5.416848347410912e-05
2025-08-23 09:30:00,178.06500244140625,178.1199951171875,177.84010314941406,177.94000244140625,1275609.0,5.416848347410912e-05
2025-08-23 10:30:00,178.06500244140625,178.1199951171875,177.84010314941406,177.94000244140625,1275609.0,5.416848347410912e-05
2025-08-23 11:30:00,178.06500244140625,178.1199951171875,177.84010314941406,177.94000244140625,1275609.0,5.416848347410912e-05
2025-08-23 12:30:00,178.06500244140625,178.1199951171875,177.84010314941406,177.94000244140625,1275609.0,5.416848347410912e-05
2025-08-23 13:30:00,178.06500244140625,178.1199951171875,177.84010314941406,177.94000244140625,1275609.0,5.416848347410912e-05
2025-08-23 14:30:00,178.06500244140625,178.1199951171875,177.84010314941406,177.94000244140625,1275609.0,5.416848347410912e-05
2025-08-23 15:30:00,178.06500244140625,178.1199951171875,177.84010314941406,177.94000244140625,1275609.0,5.416848347410912e-05
2025-08-23 16:30:00,178.06500244140625,178.1199951171875,177.84010314941406,177.94000244140625,1275609.0,5.416848347410912e-05
2025-08-23 17:30:00,178.06500244140625,178.1199951171875,177.84010314941406,177.94000244140625,1275609.0,5.416848347410912e-05
2025-08-23 18:30:00,178.06500244140625,178.1199951171875,177.84010314941406,177.94000244140625,1275609.0,5.416848347410912e-05
2025-08-23 19:30:00,178.06500244140625,178.1199951171875,177.84010314941406,177.94000244140625,1275609.0,5.416848347410912e-05
2025-08-23 20:30:00,178.06500244140625,178.1199951171875,177.84010314941406,177.94000244140625,1275609.0,5.416848347410912e-05
2025-08-23 21:30:00,178.06500244140625,178.1199951171875,177.84010314941406,177.94000244140625,1275609.0,5.416848347410912e-05
2025-08-23 22:30:00,178.06500244140625,178.1199951171875,177.84010314941406,177.94000244140625,1275609.0,5.416848347410912e-05
2025-08-23 23:30:00,178.06500244140625,178.1199951171875,177.84010314941406,177.94000244140625,1275609.0,5.416848347410912e-05
2025-08-24 00:30:00,178.06500244140625,178.1199951171875,177.84010314941406,177.94000244140625,1275609.0,5.416848347410912e-05
2025-08-24 01:30:00,178.06500244140625,178.1199951171875,177.84010314941406,177.94000244140625,1275609.0,5.416848347410912e-05
2025-08-24 02:30:00,178.06500244140625,178.1199951171875,177.84010314941406,177.94000244140625,1275609.0,5.416848347410912e-05
2025-08-24 03:30:00,178.06500244140625,178.1199951171875,177.84010314941406,177.94000244140625,1275609.0,5.416848347410912e-05
2025-08-24 04:30:00,178.06500244140625,178.1199951171875,177.84010314941406,177.94000244140625,1275609.0,5.416848347410912e-05
2025-08-24 05:30:00,178.06500244140625,178.1199951171875,177.84010314941406,177.94000244140625,1275609.0,5.416848347410912e-05
2025-08-24 06:30:00,178.06500244140625,178.1199951171875,177.84010314941406,177.94000244140625,1275609.0,5.416848347410912e-05
2025-08-24 07:30:00,178.06500244140625,178.1199951171875,177.84010314941406,177.94000244140625,1275609.0,5.416848347410912e-05
2025-08-24 08:30:00,178.06500244140625,178.1199951171875,177.84010314941406,177.94000244140625,1275609.0,5.416848347410912e-05
2025-08-24 09:30:00,178.06500244140625,178.1199951171875,177.84010314941406,177.94000244140625,1275609.0,5.416848347410912e-05
2025-08-24 10:30:00,178.06500244140625,178.1199951171875,177.84010314941406,177.94000244140625,1275609.0,5.416848347410912e-05
2025-08-24 11:30:00,178.06500244140625,178.1199951171875,177.84010314941406,177.94000244140625,1275609.0,5.416848347410912e-05
2025-08-24 12:30:00,178.06500244140625,178.1199951171875,177.84010314941406,177.94000244140625,1275609.0,5.416848347410912e-05
2025-08-24 13:30:00,178.06500244140625,178.1199951171875,177.84010314941406,177.94000244140625,1275609.0,5.416848347410912e-05
2025-08-24 14:30:00,178.06500244140625,178.1199951171875,177.84010314941406,177.94000244140625,1275609.0,5.416848347410912e-05
2025-08-24 15:30:00,178.06500244140625,178.1199951171875,177.84010314941406,177.94000244140625,1275609.0,5.416848347410912e-05
2025-08-24 16:30:00,178.06500244140625,178.1199951171875,177.84010314941406,177.94000244140625,1275609.0,5.416848347410912e-05
2025-08-24 17:30:00,178.06500244140625,178.1199951171875,177.84010314941406,177.94000244140625,1275609.0,5.416848347410912e-05
2025-08-24 18:30:00,178.06500244140625,178.1199951171875,177.84010314941406,177.94000244140625,1275609.0,5.416848347410912e-05
2025-08-24 19:30:00,178.06500244140625,178.1199951171875,177.84010314941406,177.94000244140625,1275609.0,5.416848347410912e-05
2025-08-24 20:30:00,178.06500244140625,178.1199951171875,177.84010314941406,177.94000244140625,1275609.0,5.416848347410912e-05
2025-08-24 21:30:00,178.06500244140625,178.1199951171875,177.84010314941406,177.94000244140625,1275609.0,5.416848347410912e-05
2025-08-24 22:30:00,178.06500244140625,178.1199951171875,177.84010314941406,177.94000244140625,1275609.0,5.416848347410912e-05
2025-08-24 23:30:00,178.06500244140625,178.1199951171875,177.84010314941406,177.94000244140625,1275609.0,5.416848347410912e-05
2025-08-25 00:30:00,178.06500244140625,178.1199951171875,177.84010314941406,177.94000244140625,1275609.0,5.416848347410912e-05
2025-08-25 01:30:00,178.06500244140625,178.1199951171875,177.84010314941406,177.94000244140625,1275609.0,5.416848347410912e-05
2025-08-25 02:30:00,178.06500244140625,178.1199951171875,177.84010314941406,177.94000244140625,1275609.0,5.416848347410912e-05
2025-08-25 03:30:00,178.06500244140625,178.1199951171875,177.84010314941406,177.94000244140625,1275609.0,5.416848347410912e-05
2025-08-25 04:30:00,178.06500244140625,178.1199951171875,177.84010314941406,177.94000244140625,1275609.0,5.416848347410912e-05
2025-08-25 05:30:00,178.06500244140625,178.1199951171875,177.84010314941406,177.94000244140625,1275609.0,5.416848347410912e-05
2025-08-25 06:30:00,178.06500244140625,178.1199951171875,177.84010314941406,177.94000244140625,1275609.0,5.416848347410912e-05
2025-08-25 07:30:00,178.06500244140625,178.1199951171875,177.84010314941406,177.94000244140625,1275609.0,5.416848347410912e-05
2025-08-25 08:30:00,178.06500244140625,178.1199951171875,177.84010314941406,177.94000244140625,1275609.0,5.416848347410912e-05
2025-08-25 09:30:00,178.06500244140625,178.1199951171875,177.84010314941406,177.94000244140625,1275609.0,5.416848347410912e-05
2025-08-25 10:30:00,178.06500244140625,178.1199951171875,177.84010314941406,177.94000244140625,1275609.0,5.416848347410912e-05
2025-08-25 11:30:00,178.06500244140625,178.1199951171875,177.84010314941406,177.94000244140625,1275609.0,5.416848347410912e-05
2025-08-25 12:30:00,178.06500244140625,178.1199951171875,177.84010314941406,177.94000244140625,1275609.0,5.416848347410912e-05
2025-08-25 13:30:00,178.35499572753906,178.4499969482422,176.57000732421875,177.11500549316406,11644781.0,5.416848347410912e-05
2025-08-25 14:30:00,178.97999572753906,179.30999755859375,178.86419677734375,178.9965057373047,1903108.0,5.416848347410912e-05
2025-08-25 15:30:00,181.23500061035156,181.67999267578125,181.22999572753906,181.4398956298828,2939745.0,5.416848347410912e-05
2025-08-25 16:30:00,181.50999450683594,181.5399932861328,181.39999389648438,181.50010681152344,1038613.0,5.416848347410912e-05
2025-08-25 17:30:00,181.00010681152344,181.0800018310547,180.89999389648438,180.92999267578125,822240.0,5.416848347410912e-05
2025-08-25 18:30:00,181.3350067138672,181.5500030517578,181.3101043701172,181.41990661621094,1085784.0,5.416848347410912e-05
2025-08-25 19:30:00,181.02999877929688,181.07000732421875,180.89999389648438,180.9550018310547,1083614.0,5.416848347410912e-05
